order_details_id,order_id,order_date,order_time,item_id,menu_item_id,item_name,category,price
1,1,1/1/23,"11:38:36 AM",109,109,"Korean Beef Bowl",Asian,17.95
2,2,1/1/23,"11:57:40 AM",108,108,"Tofu Pad Thai",Asian,14.5
3,2,1/1/23,"11:57:40 AM",124,124,Spaghetti,Italian,14.5
4,2,1/1/23,"11:57:40 AM",117,117,"Chicken Burrito",Mexican,12.95
5,2,1/1/23,"11:57:40 AM",129,129,"Mushroom Ravioli",Italian,15.5
6,2,1/1/23,"11:57:40 AM",106,106,"French Fries",American,7
7,3,1/1/23,"12:12:28 PM",117,117,"Chicken Burrito",Mexican,12.95
8,3,1/1/23,"12:12:28 PM",119,119,"Chicken Torta",Mexican,11.95
9,4,1/1/23,"12:16:31 PM",117,117,"Chicken Burrito",Mexican,12.95
10,5,1/1/23,"12:21:30 PM",117,117,"Chicken Burrito",Mexican,12.95
11,6,1/1/23,"12:29:36 PM",101,101,Hamburger,American,12.95
12,6,1/1/23,"12:29:36 PM",114,114,Potstickers,Asian,9
13,7,1/1/23,"12:50:37 PM",123,123,"Chips & Guacamole",Mexican,9
14,8,1/1/23,"12:51:37 PM",123,123,"Chips & Guacamole",Mexican,9
15,9,1/1/23,"12:52:01 PM",108,108,"Tofu Pad Thai",Asian,14.5
16,9,1/1/23,"12:52:01 PM",126,126,"Fettuccine Alfredo",Italian,14.5
17,9,1/1/23,"12:52:01 PM",110,110,"Pork Ramen",Asian,17.95
18,9,1/1/23,"12:52:01 PM",117,117,"Chicken Burrito",Mexican,12.95
19,9,1/1/23,"12:52:01 PM",117,117,"Chicken Burrito",Mexican,12.95
20,9,1/1/23,"12:52:01 PM",129,129,"Mushroom Ravioli",Italian,15.5
21,9,1/1/23,"12:52:01 PM",122,122,"Chips & Salsa",Mexican,7
22,9,1/1/23,"12:52:01 PM",130,130,"Shrimp Scampi",Italian,19.95
23,9,1/1/23,"12:52:01 PM",132,132,"Eggplant Parmesan",Italian,16.95
24,10,1/1/23,"1:00:15 PM",129,129,"Mushroom Ravioli",Italian,15.5
25,10,1/1/23,"1:00:15 PM",105,105,"Mac & Cheese",American,7
26,11,1/1/23,"1:02:59 PM",101,101,Hamburger,American,12.95
27,11,1/1/23,"1:02:59 PM",102,102,Cheeseburger,American,13.95
28,11,1/1/23,"1:02:59 PM",102,102,Cheeseburger,American,13.95
29,11,1/1/23,"1:02:59 PM",113,113,Edamame,Asian,5
30,12,1/1/23,"1:04:41 PM",102,102,Cheeseburger,American,13.95
31,12,1/1/23,"1:04:41 PM",102,102,Cheeseburger,American,13.95
32,12,1/1/23,"1:04:41 PM",104,104,"Veggie Burger",American,10.5
33,12,1/1/23,"1:04:41 PM",117,117,"Chicken Burrito",Mexican,12.95
34,13,1/1/23,"1:11:55 PM",129,129,"Mushroom Ravioli",Italian,15.5
35,14,1/1/23,"1:14:19 PM",114,114,Potstickers,Asian,9
36,15,1/1/23,"1:33:00 PM",107,107,"Orange Chicken",Asian,16.5
37,15,1/1/23,"1:33:00 PM",124,124,Spaghetti,Italian,14.5
38,15,1/1/23,"1:33:00 PM",121,121,"Cheese Quesadillas",Mexican,10.5
39,15,1/1/23,"1:33:00 PM",114,114,Potstickers,Asian,9
40,16,1/1/23,"1:34:07 PM",125,125,"Spaghetti & Meatballs",Italian,17.95
41,16,1/1/23,"1:34:07 PM",111,111,"California Roll",Asian,11.95
42,16,1/1/23,"1:34:07 PM",106,106,"French Fries",American,7
43,17,1/1/23,"1:53:00 PM",101,101,Hamburger,American,12.95
44,17,1/1/23,"1:53:00 PM",116,116,"Steak Tacos",Mexican,13.95
45,17,1/1/23,"1:53:00 PM",124,124,Spaghetti,Italian,14.5
46,17,1/1/23,"1:53:00 PM",125,125,"Spaghetti & Meatballs",Italian,17.95
47,17,1/1/23,"1:53:00 PM",117,117,"Chicken Burrito",Mexican,12.95
48,17,1/1/23,"1:53:00 PM",127,127,"Meat Lasagna",Italian,17.95
49,17,1/1/23,"1:53:00 PM",128,128,"Cheese Lasagna",Italian,15.5
50,17,1/1/23,"1:53:00 PM",129,129,"Mushroom Ravioli",Italian,15.5
51,17,1/1/23,"1:53:00 PM",118,118,"Steak Burrito",Mexican,14.95
52,17,1/1/23,"1:53:00 PM",131,131,"Chicken Parmesan",Italian,17.95
53,18,1/1/23,"1:57:08 PM",111,111,"California Roll",Asian,11.95
54,19,1/1/23,"1:59:09 PM",110,110,"Pork Ramen",Asian,17.95
55,19,1/1/23,"1:59:09 PM",120,120,"Steak Torta",Mexican,13.95
56,20,1/1/23,"2:03:08 PM",107,107,"Orange Chicken",Asian,16.5
57,20,1/1/23,"2:03:08 PM",124,124,Spaghetti,Italian,14.5
58,21,1/1/23,"2:14:29 PM",110,110,"Pork Ramen",Asian,17.95
59,22,1/1/23,"2:16:26 PM",124,124,Spaghetti,Italian,14.5
60,22,1/1/23,"2:16:26 PM",110,110,"Pork Ramen",Asian,17.95
61,22,1/1/23,"2:16:26 PM",105,105,"Mac & Cheese",American,7
62,23,1/1/23,"2:19:03 PM",105,105,"Mac & Cheese",American,7
63,24,1/1/23,"2:23:01 PM",101,101,Hamburger,American,12.95
64,24,1/1/23,"2:23:01 PM",110,110,"Pork Ramen",Asian,17.95
65,24,1/1/23,"2:23:01 PM",113,113,Edamame,Asian,5
66,24,1/1/23,"2:23:01 PM",119,119,"Chicken Torta",Mexican,11.95
67,25,1/1/23,"2:44:44 PM",120,120,"Steak Torta",Mexican,13.95
68,25,1/1/23,"2:44:44 PM",106,106,"French Fries",American,7
69,26,1/1/23,"2:54:26 PM",108,108,"Tofu Pad Thai",Asian,14.5
70,26,1/1/23,"2:54:26 PM",132,132,"Eggplant Parmesan",Italian,16.95
71,27,1/1/23,"3:11:17 PM",101,101,Hamburger,American,12.95
72,27,1/1/23,"3:11:17 PM",108,108,"Tofu Pad Thai",Asian,14.5
73,27,1/1/23,"3:11:17 PM",131,131,"Chicken Parmesan",Italian,17.95
74,28,1/1/23,"3:35:46 PM",103,103,"Hot Dog",American,9
75,29,1/1/23,"3:41:01 PM",126,126,"Fettuccine Alfredo",Italian,14.5
76,30,1/1/23,"3:41:25 PM",106,106,"French Fries",American,7
77,31,1/1/23,"3:50:18 PM",129,129,"Mushroom Ravioli",Italian,15.5
78,31,1/1/23,"3:50:18 PM",113,113,Edamame,Asian,5
79,32,1/1/23,"3:53:18 PM",107,107,"Orange Chicken",Asian,16.5
80,32,1/1/23,"3:53:18 PM",126,126,"Fettuccine Alfredo",Italian,14.5
81,32,1/1/23,"3:53:18 PM",110,110,"Pork Ramen",Asian,17.95
82,32,1/1/23,"3:53:18 PM",117,117,"Chicken Burrito",Mexican,12.95
83,33,1/1/23,"3:54:08 PM",101,101,Hamburger,American,12.95
84,33,1/1/23,"3:54:08 PM",126,126,"Fettuccine Alfredo",Italian,14.5
85,34,1/1/23,"4:21:21 PM",114,114,Potstickers,Asian,9
86,35,1/1/23,"4:32:04 PM",126,126,"Fettuccine Alfredo",Italian,14.5
87,35,1/1/23,"4:32:04 PM",112,112,"Salmon Roll",Asian,14.95
88,35,1/1/23,"4:32:04 PM",113,113,Edamame,Asian,5
89,35,1/1/23,"4:32:04 PM",106,106,"French Fries",American,7
90,36,1/1/23,"4:54:09 PM",101,101,Hamburger,American,12.95
91,36,1/1/23,"4:54:09 PM",108,108,"Tofu Pad Thai",Asian,14.5
92,37,1/1/23,"4:56:09 PM",117,117,"Chicken Burrito",Mexican,12.95
93,37,1/1/23,"4:56:09 PM",129,129,"Mushroom Ravioli",Italian,15.5
94,38,1/1/23,"5:03:00 PM",109,109,"Korean Beef Bowl",Asian,17.95
95,38,1/1/23,"5:03:00 PM",110,110,"Pork Ramen",Asian,17.95
96,39,1/1/23,"5:07:23 PM",117,117,"Chicken Burrito",Mexican,12.95
97,40,1/1/23,"5:14:36 PM",125,125,"Spaghetti & Meatballs",Italian,17.95
98,40,1/1/23,"5:14:36 PM",105,105,"Mac & Cheese",American,7
99,41,1/1/23,"5:15:20 PM",125,125,"Spaghetti & Meatballs",Italian,17.95
100,41,1/1/23,"5:15:20 PM",126,126,"Fettuccine Alfredo",Italian,14.5
101,42,1/1/23,"5:28:09 PM",107,107,"Orange Chicken",Asian,16.5
102,42,1/1/23,"5:28:09 PM",124,124,Spaghetti,Italian,14.5
103,42,1/1/23,"5:28:09 PM",129,129,"Mushroom Ravioli",Italian,15.5
104,42,1/1/23,"5:28:09 PM",118,118,"Steak Burrito",Mexican,14.95
105,43,1/1/23,"5:38:34 PM",103,103,"Hot Dog",American,9
106,43,1/1/23,"5:38:34 PM",117,117,"Chicken Burrito",Mexican,12.95
107,43,1/1/23,"5:38:34 PM",118,118,"Steak Burrito",Mexican,14.95
108,44,1/1/23,"5:54:20 PM",130,130,"Shrimp Scampi",Italian,19.95
109,45,1/1/23,"5:55:48 PM",125,125,"Spaghetti & Meatballs",Italian,17.95
110,45,1/1/23,"5:55:48 PM",109,109,"Korean Beef Bowl",Asian,17.95
111,45,1/1/23,"5:55:48 PM",106,106,"French Fries",American,7
112,46,1/1/23,"6:25:51 PM",104,104,"Veggie Burger",American,10.5
113,46,1/1/23,"6:25:51 PM",108,108,"Tofu Pad Thai",Asian,14.5
114,46,1/1/23,"6:25:51 PM",106,106,"French Fries",American,7
115,47,1/1/23,"6:26:34 PM",105,105,"Mac & Cheese",American,7
116,47,1/1/23,"6:26:34 PM",132,132,"Eggplant Parmesan",Italian,16.95
117,48,1/1/23,"6:26:42 PM",104,104,"Veggie Burger",American,10.5
118,48,1/1/23,"6:26:42 PM",126,126,"Fettuccine Alfredo",Italian,14.5
119,48,1/1/23,"6:26:42 PM",119,119,"Chicken Torta",Mexican,11.95
120,48,1/1/23,"6:26:42 PM",122,122,"Chips & Salsa",Mexican,7
121,49,1/1/23,"6:33:00 PM",120,120,"Steak Torta",Mexican,13.95
122,50,1/1/23,"6:41:01 PM",NULL,NULL,NULL,NULL,NULL
123,51,1/1/23,"6:48:28 PM",101,101,Hamburger,American,12.95
124,51,1/1/23,"6:48:28 PM",112,112,"Salmon Roll",Asian,14.95
125,52,1/1/23,"6:53:02 PM",109,109,"Korean Beef Bowl",Asian,17.95
126,52,1/1/23,"6:53:02 PM",129,129,"Mushroom Ravioli",Italian,15.5
127,52,1/1/23,"6:53:02 PM",122,122,"Chips & Salsa",Mexican,7
128,53,1/1/23,"6:54:17 PM",112,112,"Salmon Roll",Asian,14.95
129,53,1/1/23,"6:54:17 PM",123,123,"Chips & Guacamole",Mexican,9
130,54,1/1/23,"7:01:45 PM",119,119,"Chicken Torta",Mexican,11.95
131,54,1/1/23,"7:01:45 PM",106,106,"French Fries",American,7
132,55,1/1/23,"7:03:19 PM",118,118,"Steak Burrito",Mexican,14.95
133,55,1/1/23,"7:03:19 PM",122,122,"Chips & Salsa",Mexican,7
134,56,1/1/23,"7:07:00 PM",108,108,"Tofu Pad Thai",Asian,14.5
135,56,1/1/23,"7:07:00 PM",128,128,"Cheese Lasagna",Italian,15.5
136,56,1/1/23,"7:07:00 PM",105,105,"Mac & Cheese",American,7
137,57,1/1/23,"7:10:51 PM",108,108,"Tofu Pad Thai",Asian,14.5
138,58,1/1/23,"7:30:40 PM",124,124,Spaghetti,Italian,14.5
139,58,1/1/23,"7:30:40 PM",113,113,Edamame,Asian,5
140,59,1/1/23,"7:40:08 PM",127,127,"Meat Lasagna",Italian,17.95
141,59,1/1/23,"7:40:08 PM",112,112,"Salmon Roll",Asian,14.95
142,59,1/1/23,"7:40:08 PM",113,113,Edamame,Asian,5
143,60,1/1/23,"8:05:16 PM",104,104,"Veggie Burger",American,10.5
144,60,1/1/23,"8:05:16 PM",125,125,"Spaghetti & Meatballs",Italian,17.95
145,61,1/1/23,"8:08:43 PM",101,101,Hamburger,American,12.95
146,61,1/1/23,"8:08:43 PM",117,117,"Chicken Burrito",Mexican,12.95
147,62,1/1/23,"8:50:16 PM",101,101,Hamburger,American,12.95
148,62,1/1/23,"8:50:16 PM",123,123,"Chips & Guacamole",Mexican,9
149,63,1/1/23,"8:51:42 PM",112,112,"Salmon Roll",Asian,14.95
150,64,1/1/23,"8:52:08 PM",107,107,"Orange Chicken",Asian,16.5
151,65,1/1/23,"9:16:00 PM",112,112,"Salmon Roll",Asian,14.95
152,65,1/1/23,"9:16:00 PM",120,120,"Steak Torta",Mexican,13.95
153,65,1/1/23,"9:16:00 PM",122,122,"Chips & Salsa",Mexican,7
154,65,1/1/23,"9:16:00 PM",123,123,"Chips & Guacamole",Mexican,9
155,66,1/1/23,"9:47:55 PM",108,108,"Tofu Pad Thai",Asian,14.5
156,66,1/1/23,"9:47:55 PM",110,110,"Pork Ramen",Asian,17.95
157,67,1/1/23,"10:03:40 PM",105,105,"Mac & Cheese",American,7
158,68,1/1/23,"10:07:32 PM",108,108,"Tofu Pad Thai",Asian,14.5
159,68,1/1/23,"10:07:32 PM",117,117,"Chicken Burrito",Mexican,12.95
160,68,1/1/23,"10:07:32 PM",117,117,"Chicken Burrito",Mexican,12.95
161,69,1/1/23,"10:12:13 PM",101,101,Hamburger,American,12.95
162,70,1/2/23,"11:38:51 AM",127,127,"Meat Lasagna",Italian,17.95
163,70,1/2/23,"11:38:51 AM",121,121,"Cheese Quesadillas",Mexican,10.5
164,71,1/2/23,"11:40:50 AM",106,106,"French Fries",American,7
165,72,1/2/23,"11:57:25 AM",131,131,"Chicken Parmesan",Italian,17.95
166,73,1/2/23,"11:58:56 AM",106,106,"French Fries",American,7
167,74,1/2/23,"12:01:12 PM",124,124,Spaghetti,Italian,14.5
168,74,1/2/23,"12:01:12 PM",129,129,"Mushroom Ravioli",Italian,15.5
169,74,1/2/23,"12:01:12 PM",130,130,"Shrimp Scampi",Italian,19.95
170,74,1/2/23,"12:01:12 PM",123,123,"Chips & Guacamole",Mexican,9
171,75,1/2/23,"12:10:15 PM",117,117,"Chicken Burrito",Mexican,12.95
172,75,1/2/23,"12:10:15 PM",128,128,"Cheese Lasagna",Italian,15.5
173,75,1/2/23,"12:10:15 PM",111,111,"California Roll",Asian,11.95
174,76,1/2/23,"12:21:17 PM",107,107,"Orange Chicken",Asian,16.5
175,76,1/2/23,"12:21:17 PM",109,109,"Korean Beef Bowl",Asian,17.95
176,76,1/2/23,"12:21:17 PM",127,127,"Meat Lasagna",Italian,17.95
177,76,1/2/23,"12:21:17 PM",122,122,"Chips & Salsa",Mexican,7
178,77,1/2/23,"12:22:46 PM",101,101,Hamburger,American,12.95
179,77,1/2/23,"12:22:46 PM",109,109,"Korean Beef Bowl",Asian,17.95
180,78,1/2/23,"12:28:14 PM",107,107,"Orange Chicken",Asian,16.5
181,78,1/2/23,"12:28:14 PM",108,108,"Tofu Pad Thai",Asian,14.5
182,78,1/2/23,"12:28:14 PM",125,125,"Spaghetti & Meatballs",Italian,17.95
183,78,1/2/23,"12:28:14 PM",110,110,"Pork Ramen",Asian,17.95
184,78,1/2/23,"12:28:14 PM",122,122,"Chips & Salsa",Mexican,7
185,78,1/2/23,"12:28:14 PM",106,106,"French Fries",American,7
186,79,1/2/23,"12:29:11 PM",110,110,"Pork Ramen",Asian,17.95
187,79,1/2/23,"12:29:11 PM",112,112,"Salmon Roll",Asian,14.95
188,79,1/2/23,"12:29:11 PM",106,106,"French Fries",American,7
189,80,1/2/23,"12:35:38 PM",113,113,Edamame,Asian,5
190,80,1/2/23,"12:35:38 PM",106,106,"French Fries",American,7
191,81,1/2/23,"12:40:01 PM",106,106,"French Fries",American,7
192,82,1/2/23,"12:45:51 PM",107,107,"Orange Chicken",Asian,16.5
193,82,1/2/23,"12:45:51 PM",102,102,Cheeseburger,American,13.95
194,82,1/2/23,"12:45:51 PM",122,122,"Chips & Salsa",Mexican,7
195,82,1/2/23,"12:45:51 PM",132,132,"Eggplant Parmesan",Italian,16.95
196,83,1/2/23,"12:53:27 PM",105,105,"Mac & Cheese",American,7
197,84,1/2/23,"1:13:41 PM",113,113,Edamame,Asian,5
198,85,1/2/23,"1:34:49 PM",108,108,"Tofu Pad Thai",Asian,14.5
199,85,1/2/23,"1:34:49 PM",108,108,"Tofu Pad Thai",Asian,14.5
200,85,1/2/23,"1:34:49 PM",117,117,"Chicken Burrito",Mexican,12.95
201,85,1/2/23,"1:34:49 PM",114,114,Potstickers,Asian,9
202,86,1/2/23,"1:40:31 PM",109,109,"Korean Beef Bowl",Asian,17.95
203,87,1/2/23,"2:01:02 PM",110,110,"Pork Ramen",Asian,17.95
204,87,1/2/23,"2:01:02 PM",129,129,"Mushroom Ravioli",Italian,15.5
205,87,1/2/23,"2:01:02 PM",123,123,"Chips & Guacamole",Mexican,9
206,87,1/2/23,"2:01:02 PM",123,123,"Chips & Guacamole",Mexican,9
207,88,1/2/23,"2:10:08 PM",124,124,Spaghetti,Italian,14.5
208,89,1/2/23,"2:30:19 PM",121,121,"Cheese Quesadillas",Mexican,10.5
209,89,1/2/23,"2:30:19 PM",106,106,"French Fries",American,7
210,90,1/2/23,"3:08:48 PM",120,120,"Steak Torta",Mexican,13.95
211,90,1/2/23,"3:08:48 PM",106,106,"French Fries",American,7
212,91,1/2/23,"3:14:43 PM",101,101,Hamburger,American,12.95
213,91,1/2/23,"3:14:43 PM",104,104,"Veggie Burger",American,10.5
214,91,1/2/23,"3:14:43 PM",113,113,Edamame,Asian,5
215,92,1/2/23,"3:17:02 PM",101,101,Hamburger,American,12.95
216,92,1/2/23,"3:17:02 PM",117,117,"Chicken Burrito",Mexican,12.95
217,92,1/2/23,"3:17:02 PM",117,117,"Chicken Burrito",Mexican,12.95
218,92,1/2/23,"3:17:02 PM",127,127,"Meat Lasagna",Italian,17.95
219,92,1/2/23,"3:17:02 PM",113,113,Edamame,Asian,5
220,92,1/2/23,"3:17:02 PM",118,118,"Steak Burrito",Mexican,14.95
221,92,1/2/23,"3:17:02 PM",131,131,"Chicken Parmesan",Italian,17.95
222,92,1/2/23,"3:17:02 PM",123,123,"Chips & Guacamole",Mexican,9
223,92,1/2/23,"3:17:02 PM",114,114,Potstickers,Asian,9
224,93,1/2/23,"3:29:31 PM",120,120,"Steak Torta",Mexican,13.95
225,94,1/2/23,"4:17:16 PM",110,110,"Pork Ramen",Asian,17.95
226,94,1/2/23,"4:17:16 PM",105,105,"Mac & Cheese",American,7
227,95,1/2/23,"4:18:04 PM",111,111,"California Roll",Asian,11.95
228,95,1/2/23,"4:18:04 PM",118,118,"Steak Burrito",Mexican,14.95
229,96,1/2/23,"4:21:20 PM",111,111,"California Roll",Asian,11.95
230,97,1/2/23,"4:45:33 PM",107,107,"Orange Chicken",Asian,16.5
231,98,1/2/23,"5:18:18 PM",108,108,"Tofu Pad Thai",Asian,14.5
232,98,1/2/23,"5:18:18 PM",111,111,"California Roll",Asian,11.95
233,99,1/2/23,"5:45:42 PM",117,117,"Chicken Burrito",Mexican,12.95
234,100,1/2/23,"5:46:17 PM",109,109,"Korean Beef Bowl",Asian,17.95
235,101,1/2/23,"5:51:33 PM",102,102,Cheeseburger,American,13.95
236,101,1/2/23,"5:51:33 PM",113,113,Edamame,Asian,5
237,101,1/2/23,"5:51:33 PM",121,121,"Cheese Quesadillas",Mexican,10.5
238,101,1/2/23,"5:51:33 PM",122,122,"Chips & Salsa",Mexican,7
239,102,1/2/23,"5:54:04 PM",101,101,Hamburger,American,12.95
240,102,1/2/23,"5:54:04 PM",119,119,"Chicken Torta",Mexican,11.95
241,103,1/2/23,"6:02:09 PM",123,123,"Chips & Guacamole",Mexican,9
242,104,1/2/23,"6:02:12 PM",101,101,Hamburger,American,12.95
243,104,1/2/23,"6:02:12 PM",103,103,"Hot Dog",American,9
244,104,1/2/23,"6:02:12 PM",127,127,"Meat Lasagna",Italian,17.95
245,104,1/2/23,"6:02:12 PM",132,132,"Eggplant Parmesan",Italian,16.95
246,105,1/2/23,"6:12:01 PM",109,109,"Korean Beef Bowl",Asian,17.95
247,105,1/2/23,"6:12:01 PM",113,113,Edamame,Asian,5
248,105,1/2/23,"6:12:01 PM",119,119,"Chicken Torta",Mexican,11.95
249,106,1/2/23,"6:12:13 PM",129,129,"Mushroom Ravioli",Italian,15.5
250,106,1/2/23,"6:12:13 PM",122,122,"Chips & Salsa",Mexican,7
251,107,1/2/23,"6:25:09 PM",102,102,Cheeseburger,American,13.95
252,107,1/2/23,"6:25:09 PM",117,117,"Chicken Burrito",Mexican,12.95
253,107,1/2/23,"6:25:09 PM",122,122,"Chips & Salsa",Mexican,7
254,107,1/2/23,"6:25:09 PM",132,132,"Eggplant Parmesan",Italian,16.95
255,108,1/2/23,"6:25:25 PM",108,108,"Tofu Pad Thai",Asian,14.5
256,108,1/2/23,"6:25:25 PM",109,109,"Korean Beef Bowl",Asian,17.95
257,108,1/2/23,"6:25:25 PM",123,123,"Chips & Guacamole",Mexican,9
258,109,1/2/23,"6:27:50 PM",110,110,"Pork Ramen",Asian,17.95
259,109,1/2/23,"6:27:50 PM",117,117,"Chicken Burrito",Mexican,12.95
260,109,1/2/23,"6:27:50 PM",113,113,Edamame,Asian,5
261,109,1/2/23,"6:27:50 PM",119,119,"Chicken Torta",Mexican,11.95
262,110,1/2/23,"6:36:19 PM",107,107,"Orange Chicken",Asian,16.5
263,110,1/2/23,"6:36:19 PM",111,111,"California Roll",Asian,11.95
264,110,1/2/23,"6:36:19 PM",121,121,"Cheese Quesadillas",Mexican,10.5
265,110,1/2/23,"6:36:19 PM",122,122,"Chips & Salsa",Mexican,7
266,111,1/2/23,"6:38:01 PM",102,102,Cheeseburger,American,13.95
267,111,1/2/23,"6:38:01 PM",124,124,Spaghetti,Italian,14.5
268,111,1/2/23,"6:38:01 PM",113,113,Edamame,Asian,5
269,111,1/2/23,"6:38:01 PM",130,130,"Shrimp Scampi",Italian,19.95
270,112,1/2/23,"6:41:40 PM",113,113,Edamame,Asian,5
271,113,1/2/23,"6:50:21 PM",102,102,Cheeseburger,American,13.95
272,113,1/2/23,"6:50:21 PM",129,129,"Mushroom Ravioli",Italian,15.5
273,113,1/2/23,"6:50:21 PM",105,105,"Mac & Cheese",American,7
274,114,1/2/23,"6:59:32 PM",113,113,Edamame,Asian,5
275,114,1/2/23,"6:59:32 PM",120,120,"Steak Torta",Mexican,13.95
276,115,1/2/23,"7:05:17 PM",107,107,"Orange Chicken",Asian,16.5
277,115,1/2/23,"7:05:17 PM",111,111,"California Roll",Asian,11.95
278,115,1/2/23,"7:05:17 PM",106,106,"French Fries",American,7
279,116,1/2/23,"7:18:49 PM",124,124,Spaghetti,Italian,14.5
280,117,1/2/23,"7:23:02 PM",118,118,"Steak Burrito",Mexican,14.95
281,117,1/2/23,"7:23:02 PM",120,120,"Steak Torta",Mexican,13.95
282,118,1/2/23,"7:26:59 PM",119,119,"Chicken Torta",Mexican,11.95
283,118,1/2/23,"7:26:59 PM",131,131,"Chicken Parmesan",Italian,17.95
284,119,1/2/23,"7:32:29 PM",125,125,"Spaghetti & Meatballs",Italian,17.95
285,120,1/2/23,"7:35:07 PM",108,108,"Tofu Pad Thai",Asian,14.5
286,120,1/2/23,"7:35:07 PM",109,109,"Korean Beef Bowl",Asian,17.95
287,120,1/2/23,"7:35:07 PM",131,131,"Chicken Parmesan",Italian,17.95
288,121,1/2/23,"7:38:48 PM",101,101,Hamburger,American,12.95
289,121,1/2/23,"7:38:48 PM",125,125,"Spaghetti & Meatballs",Italian,17.95
290,121,1/2/23,"7:38:48 PM",120,120,"Steak Torta",Mexican,13.95
291,121,1/2/23,"7:38:48 PM",105,105,"Mac & Cheese",American,7
292,122,1/2/23,"7:50:19 PM",117,117,"Chicken Burrito",Mexican,12.95
293,123,1/2/23,"8:12:09 PM",110,110,"Pork Ramen",Asian,17.95
294,124,1/2/23,"8:12:34 PM",101,101,Hamburger,American,12.95
295,124,1/2/23,"8:12:34 PM",120,120,"Steak Torta",Mexican,13.95
296,124,1/2/23,"8:12:34 PM",122,122,"Chips & Salsa",Mexican,7
297,124,1/2/23,"8:12:34 PM",114,114,Potstickers,Asian,9
298,125,1/2/23,"8:31:06 PM",NULL,NULL,NULL,NULL,NULL
299,126,1/2/23,"8:53:42 PM",132,132,"Eggplant Parmesan",Italian,16.95
300,127,1/2/23,"8:58:23 PM",113,113,Edamame,Asian,5
301,128,1/2/23,"9:05:06 PM",122,122,"Chips & Salsa",Mexican,7
302,129,1/2/23,"9:13:02 PM",107,107,"Orange Chicken",Asian,16.5
303,129,1/2/23,"9:13:02 PM",114,114,Potstickers,Asian,9
304,130,1/2/23,"9:14:55 PM",109,109,"Korean Beef Bowl",Asian,17.95
305,130,1/2/23,"9:14:55 PM",110,110,"Pork Ramen",Asian,17.95
306,130,1/2/23,"9:14:55 PM",129,129,"Mushroom Ravioli",Italian,15.5
307,130,1/2/23,"9:14:55 PM",105,105,"Mac & Cheese",American,7
308,131,1/2/23,"9:33:10 PM",104,104,"Veggie Burger",American,10.5
309,131,1/2/23,"9:33:10 PM",124,124,Spaghetti,Italian,14.5
310,131,1/2/23,"9:33:10 PM",126,126,"Fettuccine Alfredo",Italian,14.5
311,131,1/2/23,"9:33:10 PM",123,123,"Chips & Guacamole",Mexican,9
312,132,1/2/23,"9:42:45 PM",113,113,Edamame,Asian,5
313,133,1/2/23,"10:00:17 PM",101,101,Hamburger,American,12.95
314,133,1/2/23,"10:00:17 PM",109,109,"Korean Beef Bowl",Asian,17.95
315,133,1/2/23,"10:00:17 PM",114,114,Potstickers,Asian,9
316,134,1/2/23,"10:13:24 PM",107,107,"Orange Chicken",Asian,16.5
317,134,1/2/23,"10:13:24 PM",105,105,"Mac & Cheese",American,7
318,134,1/2/23,"10:13:24 PM",123,123,"Chips & Guacamole",Mexican,9
319,135,1/2/23,"10:29:34 PM",132,132,"Eggplant Parmesan",Italian,16.95
320,136,1/2/23,"10:32:49 PM",124,124,Spaghetti,Italian,14.5
321,136,1/2/23,"10:32:49 PM",118,118,"Steak Burrito",Mexican,14.95
322,137,1/3/23,"11:34:10 AM",128,128,"Cheese Lasagna",Italian,15.5
323,137,1/3/23,"11:34:10 AM",113,113,Edamame,Asian,5
324,137,1/3/23,"11:34:10 AM",122,122,"Chips & Salsa",Mexican,7
325,138,1/3/23,"11:44:50 AM",102,102,Cheeseburger,American,13.95
326,138,1/3/23,"11:44:50 AM",125,125,"Spaghetti & Meatballs",Italian,17.95
327,138,1/3/23,"11:44:50 AM",127,127,"Meat Lasagna",Italian,17.95
328,138,1/3/23,"11:44:50 AM",120,120,"Steak Torta",Mexican,13.95
329,139,1/3/23,"11:57:39 AM",124,124,Spaghetti,Italian,14.5
330,140,1/3/23,"12:26:44 PM",119,119,"Chicken Torta",Mexican,11.95
331,140,1/3/23,"12:26:44 PM",132,132,"Eggplant Parmesan",Italian,16.95
332,141,1/3/23,"1:16:01 PM",108,108,"Tofu Pad Thai",Asian,14.5
333,142,1/3/23,"1:33:59 PM",126,126,"Fettuccine Alfredo",Italian,14.5
334,143,1/3/23,"1:41:36 PM",102,102,Cheeseburger,American,13.95
335,143,1/3/23,"1:41:36 PM",108,108,"Tofu Pad Thai",Asian,14.5
336,143,1/3/23,"1:41:36 PM",109,109,"Korean Beef Bowl",Asian,17.95
337,143,1/3/23,"1:41:36 PM",129,129,"Mushroom Ravioli",Italian,15.5
338,143,1/3/23,"1:41:36 PM",113,113,Edamame,Asian,5
339,143,1/3/23,"1:41:36 PM",119,119,"Chicken Torta",Mexican,11.95
340,143,1/3/23,"1:41:36 PM",106,106,"French Fries",American,7
341,143,1/3/23,"1:41:36 PM",132,132,"Eggplant Parmesan",Italian,16.95
342,144,1/3/23,"1:44:28 PM",101,101,Hamburger,American,12.95
343,144,1/3/23,"1:44:28 PM",107,107,"Orange Chicken",Asian,16.5
344,144,1/3/23,"1:44:28 PM",102,102,Cheeseburger,American,13.95
345,144,1/3/23,"1:44:28 PM",104,104,"Veggie Burger",American,10.5
346,144,1/3/23,"1:44:28 PM",124,124,Spaghetti,Italian,14.5
347,144,1/3/23,"1:44:28 PM",125,125,"Spaghetti & Meatballs",Italian,17.95
348,144,1/3/23,"1:44:28 PM",112,112,"Salmon Roll",Asian,14.95
349,144,1/3/23,"1:44:28 PM",105,105,"Mac & Cheese",American,7
350,144,1/3/23,"1:44:28 PM",105,105,"Mac & Cheese",American,7
351,144,1/3/23,"1:44:28 PM",122,122,"Chips & Salsa",Mexican,7
352,144,1/3/23,"1:44:28 PM",106,106,"French Fries",American,7
353,144,1/3/23,"1:44:28 PM",132,132,"Eggplant Parmesan",Italian,16.95
354,145,1/3/23,"1:53:48 PM",114,114,Potstickers,Asian,9
355,146,1/3/23,"2:22:10 PM",102,102,Cheeseburger,American,13.95
356,146,1/3/23,"2:22:10 PM",125,125,"Spaghetti & Meatballs",Italian,17.95
357,146,1/3/23,"2:22:10 PM",109,109,"Korean Beef Bowl",Asian,17.95
358,147,1/3/23,"2:32:51 PM",NULL,NULL,NULL,NULL,NULL
359,148,1/3/23,"2:40:42 PM",128,128,"Cheese Lasagna",Italian,15.5
360,149,1/3/23,"2:48:45 PM",131,131,"Chicken Parmesan",Italian,17.95
361,150,1/3/23,"2:49:58 PM",113,113,Edamame,Asian,5
362,151,1/3/23,"3:09:34 PM",105,105,"Mac & Cheese",American,7
363,151,1/3/23,"3:09:34 PM",123,123,"Chips & Guacamole",Mexican,9
364,152,1/3/23,"3:09:42 PM",109,109,"Korean Beef Bowl",Asian,17.95
365,152,1/3/23,"3:09:42 PM",131,131,"Chicken Parmesan",Italian,17.95
366,152,1/3/23,"3:09:42 PM",106,106,"French Fries",American,7
367,152,1/3/23,"3:09:42 PM",114,114,Potstickers,Asian,9
368,153,1/3/23,"3:16:34 PM",129,129,"Mushroom Ravioli",Italian,15.5
369,154,1/3/23,"3:22:43 PM",119,119,"Chicken Torta",Mexican,11.95
370,155,1/3/23,"3:28:59 PM",104,104,"Veggie Burger",American,10.5
371,155,1/3/23,"3:28:59 PM",111,111,"California Roll",Asian,11.95
372,155,1/3/23,"3:28:59 PM",113,113,Edamame,Asian,5
373,155,1/3/23,"3:28:59 PM",118,118,"Steak Burrito",Mexican,14.95
374,156,1/3/23,"3:42:19 PM",111,111,"California Roll",Asian,11.95
375,156,1/3/23,"3:42:19 PM",106,106,"French Fries",American,7
376,157,1/3/23,"3:43:03 PM",117,117,"Chicken Burrito",Mexican,12.95
377,157,1/3/23,"3:43:03 PM",128,128,"Cheese Lasagna",Italian,15.5
378,157,1/3/23,"3:43:03 PM",120,120,"Steak Torta",Mexican,13.95
379,157,1/3/23,"3:43:03 PM",130,130,"Shrimp Scampi",Italian,19.95
380,158,1/3/23,"3:54:30 PM",127,127,"Meat Lasagna",Italian,17.95
381,158,1/3/23,"3:54:30 PM",106,106,"French Fries",American,7
382,159,1/3/23,"3:59:22 PM",125,125,"Spaghetti & Meatballs",Italian,17.95
383,159,1/3/23,"3:59:22 PM",106,106,"French Fries",American,7
384,160,1/3/23,"4:35:33 PM",108,108,"Tofu Pad Thai",Asian,14.5
385,161,1/3/23,"4:43:46 PM",109,109,"Korean Beef Bowl",Asian,17.95
386,161,1/3/23,"4:43:46 PM",122,122,"Chips & Salsa",Mexican,7
387,161,1/3/23,"4:43:46 PM",NULL,NULL,NULL,NULL,NULL
388,162,1/3/23,"4:51:22 PM",107,107,"Orange Chicken",Asian,16.5
389,163,1/3/23,"4:54:54 PM",109,109,"Korean Beef Bowl",Asian,17.95
390,163,1/3/23,"4:54:54 PM",113,113,Edamame,Asian,5
391,163,1/3/23,"4:54:54 PM",114,114,Potstickers,Asian,9
392,164,1/3/23,"4:56:33 PM",102,102,Cheeseburger,American,13.95
393,164,1/3/23,"4:56:33 PM",113,113,Edamame,Asian,5
394,165,1/3/23,"4:57:37 PM",119,119,"Chicken Torta",Mexican,11.95
395,166,1/3/23,"4:58:51 PM",119,119,"Chicken Torta",Mexican,11.95
396,167,1/3/23,"5:00:49 PM",101,101,Hamburger,American,12.95
397,167,1/3/23,"5:00:49 PM",117,117,"Chicken Burrito",Mexican,12.95
398,167,1/3/23,"5:00:49 PM",113,113,Edamame,Asian,5
399,168,1/3/23,"5:02:27 PM",107,107,"Orange Chicken",Asian,16.5
400,168,1/3/23,"5:02:27 PM",132,132,"Eggplant Parmesan",Italian,16.95
401,169,1/3/23,"5:15:48 PM",125,125,"Spaghetti & Meatballs",Italian,17.95
402,169,1/3/23,"5:15:48 PM",110,110,"Pork Ramen",Asian,17.95
403,169,1/3/23,"5:15:48 PM",120,120,"Steak Torta",Mexican,13.95
404,170,1/3/23,"5:21:31 PM",109,109,"Korean Beef Bowl",Asian,17.95
405,171,1/3/23,"5:23:03 PM",111,111,"California Roll",Asian,11.95
406,172,1/3/23,"5:29:24 PM",111,111,"California Roll",Asian,11.95
407,172,1/3/23,"5:29:24 PM",123,123,"Chips & Guacamole",Mexican,9
408,172,1/3/23,"5:29:24 PM",106,106,"French Fries",American,7
409,173,1/3/23,"5:35:30 PM",102,102,Cheeseburger,American,13.95
410,173,1/3/23,"5:35:30 PM",108,108,"Tofu Pad Thai",Asian,14.5
411,173,1/3/23,"5:35:30 PM",132,132,"Eggplant Parmesan",Italian,16.95
412,174,1/3/23,"5:37:49 PM",107,107,"Orange Chicken",Asian,16.5
413,174,1/3/23,"5:37:49 PM",102,102,Cheeseburger,American,13.95
414,174,1/3/23,"5:37:49 PM",102,102,Cheeseburger,American,13.95
415,174,1/3/23,"5:37:49 PM",110,110,"Pork Ramen",Asian,17.95
416,175,1/3/23,"5:50:51 PM",117,117,"Chicken Burrito",Mexican,12.95
417,176,1/3/23,"5:51:57 PM",102,102,Cheeseburger,American,13.95
418,176,1/3/23,"5:51:57 PM",118,118,"Steak Burrito",Mexican,14.95
419,177,1/3/23,"5:54:36 PM",111,111,"California Roll",Asian,11.95
420,177,1/3/23,"5:54:36 PM",106,106,"French Fries",American,7
421,178,1/3/23,"6:15:03 PM",118,118,"Steak Burrito",Mexican,14.95
422,179,1/3/23,"6:20:14 PM",109,109,"Korean Beef Bowl",Asian,17.95
423,179,1/3/23,"6:20:14 PM",120,120,"Steak Torta",Mexican,13.95
424,179,1/3/23,"6:20:14 PM",132,132,"Eggplant Parmesan",Italian,16.95
425,180,1/3/23,"6:33:34 PM",108,108,"Tofu Pad Thai",Asian,14.5
426,180,1/3/23,"6:33:34 PM",119,119,"Chicken Torta",Mexican,11.95
427,181,1/3/23,"6:49:32 PM",129,129,"Mushroom Ravioli",Italian,15.5
428,182,1/3/23,"6:50:10 PM",115,115,"Chicken Tacos",Mexican,11.95
429,182,1/3/23,"6:50:10 PM",118,118,"Steak Burrito",Mexican,14.95
430,183,1/3/23,"6:54:55 PM",111,111,"California Roll",Asian,11.95
431,183,1/3/23,"6:54:55 PM",130,130,"Shrimp Scampi",Italian,19.95
432,183,1/3/23,"6:54:55 PM",130,130,"Shrimp Scampi",Italian,19.95
433,184,1/3/23,"6:59:05 PM",109,109,"Korean Beef Bowl",Asian,17.95
434,185,1/3/23,"7:08:33 PM",120,120,"Steak Torta",Mexican,13.95
435,185,1/3/23,"7:08:33 PM",130,130,"Shrimp Scampi",Italian,19.95
436,186,1/3/23,"7:36:00 PM",129,129,"Mushroom Ravioli",Italian,15.5
437,186,1/3/23,"7:36:00 PM",105,105,"Mac & Cheese",American,7
438,186,1/3/23,"7:36:00 PM",130,130,"Shrimp Scampi",Italian,19.95
439,186,1/3/23,"7:36:00 PM",106,106,"French Fries",American,7
440,187,1/3/23,"7:37:12 PM",124,124,Spaghetti,Italian,14.5
441,187,1/3/23,"7:37:12 PM",130,130,"Shrimp Scampi",Italian,19.95
442,188,1/3/23,"8:08:39 PM",124,124,Spaghetti,Italian,14.5
443,188,1/3/23,"8:08:39 PM",113,113,Edamame,Asian,5
444,188,1/3/23,"8:08:39 PM",118,118,"Steak Burrito",Mexican,14.95
445,189,1/3/23,"8:12:14 PM",107,107,"Orange Chicken",Asian,16.5
446,189,1/3/23,"8:12:14 PM",106,106,"French Fries",American,7
447,190,1/3/23,"8:14:23 PM",101,101,Hamburger,American,12.95
448,190,1/3/23,"8:14:23 PM",125,125,"Spaghetti & Meatballs",Italian,17.95
449,190,1/3/23,"8:14:23 PM",112,112,"Salmon Roll",Asian,14.95
450,190,1/3/23,"8:14:23 PM",119,119,"Chicken Torta",Mexican,11.95
451,191,1/3/23,"8:24:50 PM",102,102,Cheeseburger,American,13.95
452,191,1/3/23,"8:24:50 PM",103,103,"Hot Dog",American,9
453,192,1/3/23,"8:30:08 PM",120,120,"Steak Torta",Mexican,13.95
454,192,1/3/23,"8:30:08 PM",105,105,"Mac & Cheese",American,7
455,193,1/3/23,"8:55:47 PM",107,107,"Orange Chicken",Asian,16.5
456,193,1/3/23,"8:55:47 PM",102,102,Cheeseburger,American,13.95
457,193,1/3/23,"8:55:47 PM",103,103,"Hot Dog",American,9
458,194,1/3/23,"9:21:24 PM",101,101,Hamburger,American,12.95
459,195,1/3/23,"9:25:20 PM",101,101,Hamburger,American,12.95
460,196,1/3/23,"9:40:14 PM",120,120,"Steak Torta",Mexican,13.95
461,196,1/3/23,"9:40:14 PM",122,122,"Chips & Salsa",Mexican,7
462,196,1/3/23,"9:40:14 PM",132,132,"Eggplant Parmesan",Italian,16.95
463,197,1/3/23,"9:47:48 PM",125,125,"Spaghetti & Meatballs",Italian,17.95
464,197,1/3/23,"9:47:48 PM",110,110,"Pork Ramen",Asian,17.95
465,197,1/3/23,"9:47:48 PM",127,127,"Meat Lasagna",Italian,17.95
466,197,1/3/23,"9:47:48 PM",121,121,"Cheese Quesadillas",Mexican,10.5
467,198,1/3/23,"9:55:42 PM",107,107,"Orange Chicken",Asian,16.5
468,198,1/3/23,"9:55:42 PM",103,103,"Hot Dog",American,9
469,199,1/3/23,"10:10:38 PM",103,103,"Hot Dog",American,9
470,200,1/3/23,"10:24:05 PM",NULL,NULL,NULL,NULL,NULL
471,201,1/3/23,"10:29:59 PM",116,116,"Steak Tacos",Mexican,13.95
472,201,1/3/23,"10:29:59 PM",104,104,"Veggie Burger",American,10.5
473,201,1/3/23,"10:29:59 PM",117,117,"Chicken Burrito",Mexican,12.95
474,201,1/3/23,"10:29:59 PM",NULL,NULL,NULL,NULL,NULL
475,202,1/3/23,"10:50:29 PM",102,102,Cheeseburger,American,13.95
476,203,1/4/23,"11:30:48 AM",102,102,Cheeseburger,American,13.95
477,203,1/4/23,"11:30:48 AM",127,127,"Meat Lasagna",Italian,17.95
478,203,1/4/23,"11:30:48 AM",112,112,"Salmon Roll",Asian,14.95
479,203,1/4/23,"11:30:48 AM",114,114,Potstickers,Asian,9
480,204,1/4/23,"11:36:25 AM",122,122,"Chips & Salsa",Mexican,7
481,205,1/4/23,"11:43:54 AM",102,102,Cheeseburger,American,13.95
482,205,1/4/23,"11:43:54 AM",103,103,"Hot Dog",American,9
483,205,1/4/23,"11:43:54 AM",119,119,"Chicken Torta",Mexican,11.95
484,206,1/4/23,"11:45:10 AM",111,111,"California Roll",Asian,11.95
485,206,1/4/23,"11:45:10 AM",113,113,Edamame,Asian,5
486,206,1/4/23,"11:45:10 AM",122,122,"Chips & Salsa",Mexican,7
487,207,1/4/23,"12:03:58 PM",122,122,"Chips & Salsa",Mexican,7
488,208,1/4/23,"12:12:05 PM",101,101,Hamburger,American,12.95
489,208,1/4/23,"12:12:05 PM",101,101,Hamburger,American,12.95
490,208,1/4/23,"12:12:05 PM",103,103,"Hot Dog",American,9
491,208,1/4/23,"12:12:05 PM",113,113,Edamame,Asian,5
492,208,1/4/23,"12:12:05 PM",114,114,Potstickers,Asian,9
493,209,1/4/23,"12:29:17 PM",102,102,Cheeseburger,American,13.95
494,210,1/4/23,"12:34:13 PM",131,131,"Chicken Parmesan",Italian,17.95
495,211,1/4/23,"12:54:20 PM",113,113,Edamame,Asian,5
496,212,1/4/23,"1:16:03 PM",110,110,"Pork Ramen",Asian,17.95
497,213,1/4/23,"1:20:39 PM",125,125,"Spaghetti & Meatballs",Italian,17.95
498,214,1/4/23,"1:39:16 PM",110,110,"Pork Ramen",Asian,17.95
499,214,1/4/23,"1:39:16 PM",117,117,"Chicken Burrito",Mexican,12.95
500,214,1/4/23,"1:39:16 PM",129,129,"Mushroom Ravioli",Italian,15.5
501,214,1/4/23,"1:39:16 PM",130,130,"Shrimp Scampi",Italian,19.95
502,215,1/4/23,"1:44:49 PM",126,126,"Fettuccine Alfredo",Italian,14.5
503,216,1/4/23,"2:31:56 PM",101,101,Hamburger,American,12.95
504,216,1/4/23,"2:31:56 PM",124,124,Spaghetti,Italian,14.5
505,216,1/4/23,"2:31:56 PM",109,109,"Korean Beef Bowl",Asian,17.95
506,217,1/4/23,"2:35:03 PM",108,108,"Tofu Pad Thai",Asian,14.5
507,217,1/4/23,"2:35:03 PM",131,131,"Chicken Parmesan",Italian,17.95
508,218,1/4/23,"2:35:11 PM",122,122,"Chips & Salsa",Mexican,7
509,219,1/4/23,"2:42:01 PM",101,101,Hamburger,American,12.95
510,219,1/4/23,"2:42:01 PM",124,124,Spaghetti,Italian,14.5
511,219,1/4/23,"2:42:01 PM",118,118,"Steak Burrito",Mexican,14.95
512,219,1/4/23,"2:42:01 PM",131,131,"Chicken Parmesan",Italian,17.95
513,220,1/4/23,"3:31:59 PM",109,109,"Korean Beef Bowl",Asian,17.95
514,220,1/4/23,"3:31:59 PM",110,110,"Pork Ramen",Asian,17.95
515,220,1/4/23,"3:31:59 PM",111,111,"California Roll",Asian,11.95
516,220,1/4/23,"3:31:59 PM",122,122,"Chips & Salsa",Mexican,7
517,221,1/4/23,"3:33:18 PM",124,124,Spaghetti,Italian,14.5
518,221,1/4/23,"3:33:18 PM",119,119,"Chicken Torta",Mexican,11.95
519,221,1/4/23,"3:33:18 PM",114,114,Potstickers,Asian,9
520,222,1/4/23,"3:46:38 PM",125,125,"Spaghetti & Meatballs",Italian,17.95
521,222,1/4/23,"3:46:38 PM",120,120,"Steak Torta",Mexican,13.95
522,223,1/4/23,"4:08:20 PM",112,112,"Salmon Roll",Asian,14.95
523,224,1/4/23,"4:39:58 PM",103,103,"Hot Dog",American,9
524,224,1/4/23,"4:39:58 PM",117,117,"Chicken Burrito",Mexican,12.95
525,224,1/4/23,"4:39:58 PM",111,111,"California Roll",Asian,11.95
526,224,1/4/23,"4:39:58 PM",106,106,"French Fries",American,7
527,225,1/4/23,"4:41:48 PM",101,101,Hamburger,American,12.95
528,225,1/4/23,"4:41:48 PM",101,101,Hamburger,American,12.95
529,225,1/4/23,"4:41:48 PM",105,105,"Mac & Cheese",American,7
530,226,1/4/23,"4:59:39 PM",108,108,"Tofu Pad Thai",Asian,14.5
531,227,1/4/23,"5:24:39 PM",101,101,Hamburger,American,12.95
532,227,1/4/23,"5:24:39 PM",114,114,Potstickers,Asian,9
533,228,1/4/23,"5:31:24 PM",127,127,"Meat Lasagna",Italian,17.95
534,229,1/4/23,"5:37:57 PM",127,127,"Meat Lasagna",Italian,17.95
535,229,1/4/23,"5:37:57 PM",119,119,"Chicken Torta",Mexican,11.95
536,229,1/4/23,"5:37:57 PM",130,130,"Shrimp Scampi",Italian,19.95
537,230,1/4/23,"5:58:38 PM",106,106,"French Fries",American,7
538,231,1/4/23,"6:04:18 PM",102,102,Cheeseburger,American,13.95
539,231,1/4/23,"6:04:18 PM",111,111,"California Roll",Asian,11.95
540,231,1/4/23,"6:04:18 PM",119,119,"Chicken Torta",Mexican,11.95
541,232,1/4/23,"6:21:59 PM",101,101,Hamburger,American,12.95
542,232,1/4/23,"6:21:59 PM",123,123,"Chips & Guacamole",Mexican,9
543,233,1/4/23,"6:26:51 PM",131,131,"Chicken Parmesan",Italian,17.95
544,234,1/4/23,"6:36:09 PM",103,103,"Hot Dog",American,9
545,234,1/4/23,"6:36:09 PM",117,117,"Chicken Burrito",Mexican,12.95
546,234,1/4/23,"6:36:09 PM",111,111,"California Roll",Asian,11.95
547,235,1/4/23,"6:51:30 PM",102,102,Cheeseburger,American,13.95
548,236,1/4/23,"7:21:04 PM",108,108,"Tofu Pad Thai",Asian,14.5
549,236,1/4/23,"7:21:04 PM",126,126,"Fettuccine Alfredo",Italian,14.5
550,237,1/4/23,"7:27:48 PM",126,126,"Fettuccine Alfredo",Italian,14.5
551,238,1/4/23,"7:45:15 PM",130,130,"Shrimp Scampi",Italian,19.95
552,239,1/4/23,"7:57:52 PM",117,117,"Chicken Burrito",Mexican,12.95
553,239,1/4/23,"7:57:52 PM",106,106,"French Fries",American,7
554,240,1/4/23,"8:10:24 PM",125,125,"Spaghetti & Meatballs",Italian,17.95
555,241,1/4/23,"8:11:25 PM",120,120,"Steak Torta",Mexican,13.95
556,241,1/4/23,"8:11:25 PM",123,123,"Chips & Guacamole",Mexican,9
557,242,1/4/23,"8:15:29 PM",116,116,"Steak Tacos",Mexican,13.95
558,242,1/4/23,"8:15:29 PM",106,106,"French Fries",American,7
559,242,1/4/23,"8:15:29 PM",132,132,"Eggplant Parmesan",Italian,16.95
560,243,1/4/23,"8:26:17 PM",108,108,"Tofu Pad Thai",Asian,14.5
561,243,1/4/23,"8:26:17 PM",123,123,"Chips & Guacamole",Mexican,9
562,244,1/4/23,"8:26:22 PM",117,117,"Chicken Burrito",Mexican,12.95
563,244,1/4/23,"8:26:22 PM",122,122,"Chips & Salsa",Mexican,7
564,245,1/4/23,"8:28:41 PM",101,101,Hamburger,American,12.95
565,245,1/4/23,"8:28:41 PM",104,104,"Veggie Burger",American,10.5
566,246,1/4/23,"8:30:48 PM",103,103,"Hot Dog",American,9
567,246,1/4/23,"8:30:48 PM",113,113,Edamame,Asian,5
568,247,1/4/23,"8:55:29 PM",109,109,"Korean Beef Bowl",Asian,17.95
569,247,1/4/23,"8:55:29 PM",120,120,"Steak Torta",Mexican,13.95
570,247,1/4/23,"8:55:29 PM",123,123,"Chips & Guacamole",Mexican,9
571,248,1/4/23,"8:58:19 PM",109,109,"Korean Beef Bowl",Asian,17.95
572,248,1/4/23,"8:58:19 PM",106,106,"French Fries",American,7
573,249,1/4/23,"9:06:16 PM",101,101,Hamburger,American,12.95
574,249,1/4/23,"9:06:16 PM",116,116,"Steak Tacos",Mexican,13.95
575,250,1/4/23,"9:07:05 PM",125,125,"Spaghetti & Meatballs",Italian,17.95
576,251,1/4/23,"9:10:05 PM",129,129,"Mushroom Ravioli",Italian,15.5
577,252,1/4/23,"10:13:15 PM",119,119,"Chicken Torta",Mexican,11.95
578,253,1/4/23,"10:16:18 PM",115,115,"Chicken Tacos",Mexican,11.95
579,254,1/4/23,"10:22:13 PM",101,101,Hamburger,American,12.95
580,254,1/4/23,"10:22:13 PM",115,115,"Chicken Tacos",Mexican,11.95
581,254,1/4/23,"10:22:13 PM",124,124,Spaghetti,Italian,14.5
582,255,1/5/23,"11:23:35 AM",124,124,Spaghetti,Italian,14.5
583,255,1/5/23,"11:23:35 AM",126,126,"Fettuccine Alfredo",Italian,14.5
584,255,1/5/23,"11:23:35 AM",109,109,"Korean Beef Bowl",Asian,17.95
585,255,1/5/23,"11:23:35 AM",131,131,"Chicken Parmesan",Italian,17.95
586,256,1/5/23,"11:56:06 AM",112,112,"Salmon Roll",Asian,14.95
587,257,1/5/23,"11:59:04 AM",102,102,Cheeseburger,American,13.95
588,257,1/5/23,"11:59:04 AM",103,103,"Hot Dog",American,9
589,258,1/5/23,"11:59:23 AM",108,108,"Tofu Pad Thai",Asian,14.5
590,259,1/5/23,"12:04:25 PM",113,113,Edamame,Asian,5
591,260,1/5/23,"12:06:27 PM",124,124,Spaghetti,Italian,14.5
592,260,1/5/23,"12:06:27 PM",114,114,Potstickers,Asian,9
593,261,1/5/23,"12:38:29 PM",115,115,"Chicken Tacos",Mexican,11.95
594,262,1/5/23,"12:42:01 PM",102,102,Cheeseburger,American,13.95
595,263,1/5/23,"12:57:22 PM",130,130,"Shrimp Scampi",Italian,19.95
596,264,1/5/23,"1:03:59 PM",129,129,"Mushroom Ravioli",Italian,15.5
597,265,1/5/23,"1:04:42 PM",103,103,"Hot Dog",American,9
598,265,1/5/23,"1:04:42 PM",129,129,"Mushroom Ravioli",Italian,15.5
599,265,1/5/23,"1:04:42 PM",120,120,"Steak Torta",Mexican,13.95
600,265,1/5/23,"1:04:42 PM",122,122,"Chips & Salsa",Mexican,7
601,266,1/5/23,"1:09:29 PM",118,118,"Steak Burrito",Mexican,14.95
602,267,1/5/23,"1:37:50 PM",125,125,"Spaghetti & Meatballs",Italian,17.95
603,267,1/5/23,"1:37:50 PM",128,128,"Cheese Lasagna",Italian,15.5
604,267,1/5/23,"1:37:50 PM",111,111,"California Roll",Asian,11.95
605,268,1/5/23,"1:40:46 PM",117,117,"Chicken Burrito",Mexican,12.95
606,268,1/5/23,"1:40:46 PM",113,113,Edamame,Asian,5
607,269,1/5/23,"1:49:34 PM",103,103,"Hot Dog",American,9
608,270,1/5/23,"2:09:02 PM",105,105,"Mac & Cheese",American,7
609,270,1/5/23,"2:09:02 PM",130,130,"Shrimp Scampi",Italian,19.95
610,270,1/5/23,"2:09:02 PM",106,106,"French Fries",American,7
611,271,1/5/23,"2:22:19 PM",107,107,"Orange Chicken",Asian,16.5
612,271,1/5/23,"2:22:19 PM",102,102,Cheeseburger,American,13.95
613,271,1/5/23,"2:22:19 PM",103,103,"Hot Dog",American,9
614,271,1/5/23,"2:22:19 PM",104,104,"Veggie Burger",American,10.5
615,271,1/5/23,"2:22:19 PM",108,108,"Tofu Pad Thai",Asian,14.5
616,271,1/5/23,"2:22:19 PM",117,117,"Chicken Burrito",Mexican,12.95
617,271,1/5/23,"2:22:19 PM",120,120,"Steak Torta",Mexican,13.95
618,271,1/5/23,"2:22:19 PM",121,121,"Cheese Quesadillas",Mexican,10.5
619,271,1/5/23,"2:22:19 PM",105,105,"Mac & Cheese",American,7
620,271,1/5/23,"2:22:19 PM",114,114,Potstickers,Asian,9
621,272,1/5/23,"2:24:05 PM",117,117,"Chicken Burrito",Mexican,12.95
622,273,1/5/23,"2:28:00 PM",121,121,"Cheese Quesadillas",Mexican,10.5
623,274,1/5/23,"2:36:33 PM",125,125,"Spaghetti & Meatballs",Italian,17.95
624,274,1/5/23,"2:36:33 PM",106,106,"French Fries",American,7
625,275,1/5/23,"2:38:14 PM",108,108,"Tofu Pad Thai",Asian,14.5
626,275,1/5/23,"2:38:14 PM",124,124,Spaghetti,Italian,14.5
627,275,1/5/23,"2:38:14 PM",113,113,Edamame,Asian,5
628,275,1/5/23,"2:38:14 PM",120,120,"Steak Torta",Mexican,13.95
629,276,1/5/23,"3:18:18 PM",124,124,Spaghetti,Italian,14.5
630,276,1/5/23,"3:18:18 PM",122,122,"Chips & Salsa",Mexican,7
631,277,1/5/23,"3:41:50 PM",125,125,"Spaghetti & Meatballs",Italian,17.95
632,278,1/5/23,"3:49:21 PM",127,127,"Meat Lasagna",Italian,17.95
633,278,1/5/23,"3:49:21 PM",105,105,"Mac & Cheese",American,7
634,279,1/5/23,"4:07:03 PM",102,102,Cheeseburger,American,13.95
635,279,1/5/23,"4:07:03 PM",103,103,"Hot Dog",American,9
636,280,1/5/23,"4:20:23 PM",119,119,"Chicken Torta",Mexican,11.95
637,280,1/5/23,"4:20:23 PM",132,132,"Eggplant Parmesan",Italian,16.95
638,281,1/5/23,"4:33:48 PM",120,120,"Steak Torta",Mexican,13.95
639,282,1/5/23,"4:49:38 PM",108,108,"Tofu Pad Thai",Asian,14.5
640,282,1/5/23,"4:49:38 PM",124,124,Spaghetti,Italian,14.5
641,282,1/5/23,"4:49:38 PM",118,118,"Steak Burrito",Mexican,14.95
642,282,1/5/23,"4:49:38 PM",130,130,"Shrimp Scampi",Italian,19.95
643,283,1/5/23,"4:51:43 PM",111,111,"California Roll",Asian,11.95
644,284,1/5/23,"4:58:16 PM",125,125,"Spaghetti & Meatballs",Italian,17.95
645,284,1/5/23,"4:58:16 PM",109,109,"Korean Beef Bowl",Asian,17.95
646,284,1/5/23,"4:58:16 PM",111,111,"California Roll",Asian,11.95
647,285,1/5/23,"4:58:38 PM",119,119,"Chicken Torta",Mexican,11.95
648,286,1/5/23,"5:01:23 PM",117,117,"Chicken Burrito",Mexican,12.95
649,286,1/5/23,"5:01:23 PM",118,118,"Steak Burrito",Mexican,14.95
650,287,1/5/23,"5:30:09 PM",117,117,"Chicken Burrito",Mexican,12.95
651,287,1/5/23,"5:30:09 PM",112,112,"Salmon Roll",Asian,14.95
652,287,1/5/23,"5:30:09 PM",113,113,Edamame,Asian,5
653,287,1/5/23,"5:30:09 PM",120,120,"Steak Torta",Mexican,13.95
654,288,1/5/23,"5:32:44 PM",115,115,"Chicken Tacos",Mexican,11.95
655,288,1/5/23,"5:32:44 PM",119,119,"Chicken Torta",Mexican,11.95
656,288,1/5/23,"5:32:44 PM",123,123,"Chips & Guacamole",Mexican,9
657,289,1/5/23,"5:36:23 PM",124,124,Spaghetti,Italian,14.5
658,290,1/5/23,"5:41:16 PM",108,108,"Tofu Pad Thai",Asian,14.5
659,290,1/5/23,"5:41:16 PM",132,132,"Eggplant Parmesan",Italian,16.95
660,291,1/5/23,"5:44:39 PM",101,101,Hamburger,American,12.95
661,291,1/5/23,"5:44:39 PM",103,103,"Hot Dog",American,9
662,291,1/5/23,"5:44:39 PM",125,125,"Spaghetti & Meatballs",Italian,17.95
663,292,1/5/23,"5:48:59 PM",130,130,"Shrimp Scampi",Italian,19.95
664,292,1/5/23,"5:48:59 PM",131,131,"Chicken Parmesan",Italian,17.95
665,293,1/5/23,"5:58:38 PM",108,108,"Tofu Pad Thai",Asian,14.5
666,293,1/5/23,"5:58:38 PM",127,127,"Meat Lasagna",Italian,17.95
667,294,1/5/23,"6:16:35 PM",101,101,Hamburger,American,12.95
668,294,1/5/23,"6:16:35 PM",117,117,"Chicken Burrito",Mexican,12.95
669,294,1/5/23,"6:16:35 PM",106,106,"French Fries",American,7
670,295,1/5/23,"6:20:12 PM",102,102,Cheeseburger,American,13.95
671,296,1/5/23,"6:46:54 PM",126,126,"Fettuccine Alfredo",Italian,14.5
672,296,1/5/23,"6:46:54 PM",110,110,"Pork Ramen",Asian,17.95
673,296,1/5/23,"6:46:54 PM",106,106,"French Fries",American,7
674,297,1/5/23,"7:02:18 PM",105,105,"Mac & Cheese",American,7
675,298,1/5/23,"7:10:36 PM",102,102,Cheeseburger,American,13.95
676,298,1/5/23,"7:10:36 PM",102,102,Cheeseburger,American,13.95
677,298,1/5/23,"7:10:36 PM",103,103,"Hot Dog",American,9
678,298,1/5/23,"7:10:36 PM",108,108,"Tofu Pad Thai",Asian,14.5
679,299,1/5/23,"7:34:31 PM",108,108,"Tofu Pad Thai",Asian,14.5
680,299,1/5/23,"7:34:31 PM",131,131,"Chicken Parmesan",Italian,17.95
681,300,1/5/23,"7:42:54 PM",107,107,"Orange Chicken",Asian,16.5
682,300,1/5/23,"7:42:54 PM",110,110,"Pork Ramen",Asian,17.95
683,300,1/5/23,"7:42:54 PM",127,127,"Meat Lasagna",Italian,17.95
684,300,1/5/23,"7:42:54 PM",123,123,"Chips & Guacamole",Mexican,9
685,301,1/5/23,"7:45:58 PM",111,111,"California Roll",Asian,11.95
686,302,1/5/23,"7:57:37 PM",118,118,"Steak Burrito",Mexican,14.95
687,303,1/5/23,"8:02:51 PM",107,107,"Orange Chicken",Asian,16.5
688,303,1/5/23,"8:02:51 PM",110,110,"Pork Ramen",Asian,17.95
689,303,1/5/23,"8:02:51 PM",113,113,Edamame,Asian,5
690,304,1/5/23,"8:07:58 PM",109,109,"Korean Beef Bowl",Asian,17.95
691,304,1/5/23,"8:07:58 PM",129,129,"Mushroom Ravioli",Italian,15.5
692,305,1/5/23,"8:35:40 PM",113,113,Edamame,Asian,5
693,305,1/5/23,"8:35:40 PM",120,120,"Steak Torta",Mexican,13.95
694,305,1/5/23,"8:35:40 PM",122,122,"Chips & Salsa",Mexican,7
695,306,1/5/23,"8:37:40 PM",107,107,"Orange Chicken",Asian,16.5
696,306,1/5/23,"8:37:40 PM",109,109,"Korean Beef Bowl",Asian,17.95
697,306,1/5/23,"8:37:40 PM",111,111,"California Roll",Asian,11.95
698,307,1/5/23,"9:45:38 PM",108,108,"Tofu Pad Thai",Asian,14.5
699,307,1/5/23,"9:45:38 PM",106,106,"French Fries",American,7
700,308,1/5/23,"9:59:46 PM",109,109,"Korean Beef Bowl",Asian,17.95
701,308,1/5/23,"9:59:46 PM",112,112,"Salmon Roll",Asian,14.95
702,308,1/5/23,"9:59:46 PM",106,106,"French Fries",American,7
703,309,1/6/23,"11:39:06 AM",124,124,Spaghetti,Italian,14.5
704,309,1/6/23,"11:39:06 AM",118,118,"Steak Burrito",Mexican,14.95
705,310,1/6/23,"11:40:48 AM",109,109,"Korean Beef Bowl",Asian,17.95
706,310,1/6/23,"11:40:48 AM",106,106,"French Fries",American,7
707,311,1/6/23,"11:57:27 AM",120,120,"Steak Torta",Mexican,13.95
708,312,1/6/23,"12:05:21 PM",107,107,"Orange Chicken",Asian,16.5
709,312,1/6/23,"12:05:21 PM",115,115,"Chicken Tacos",Mexican,11.95
710,312,1/6/23,"12:05:21 PM",103,103,"Hot Dog",American,9
711,312,1/6/23,"12:05:21 PM",120,120,"Steak Torta",Mexican,13.95
712,313,1/6/23,"12:09:09 PM",108,108,"Tofu Pad Thai",Asian,14.5
713,314,1/6/23,"12:11:58 PM",116,116,"Steak Tacos",Mexican,13.95
714,314,1/6/23,"12:11:58 PM",124,124,Spaghetti,Italian,14.5
715,314,1/6/23,"12:11:58 PM",126,126,"Fettuccine Alfredo",Italian,14.5
716,314,1/6/23,"12:11:58 PM",109,109,"Korean Beef Bowl",Asian,17.95
717,314,1/6/23,"12:11:58 PM",132,132,"Eggplant Parmesan",Italian,16.95
718,315,1/6/23,"12:17:40 PM",108,108,"Tofu Pad Thai",Asian,14.5
719,316,1/6/23,"12:29:34 PM",109,109,"Korean Beef Bowl",Asian,17.95
720,316,1/6/23,"12:29:34 PM",117,117,"Chicken Burrito",Mexican,12.95
721,317,1/6/23,"12:31:00 PM",102,102,Cheeseburger,American,13.95
722,317,1/6/23,"12:31:00 PM",108,108,"Tofu Pad Thai",Asian,14.5
723,317,1/6/23,"12:31:00 PM",125,125,"Spaghetti & Meatballs",Italian,17.95
724,317,1/6/23,"12:31:00 PM",109,109,"Korean Beef Bowl",Asian,17.95
725,317,1/6/23,"12:31:00 PM",112,112,"Salmon Roll",Asian,14.95
726,317,1/6/23,"12:31:00 PM",119,119,"Chicken Torta",Mexican,11.95
727,317,1/6/23,"12:31:00 PM",131,131,"Chicken Parmesan",Italian,17.95
728,318,1/6/23,"12:45:14 PM",110,110,"Pork Ramen",Asian,17.95
729,318,1/6/23,"12:45:14 PM",129,129,"Mushroom Ravioli",Italian,15.5
730,318,1/6/23,"12:45:14 PM",121,121,"Cheese Quesadillas",Mexican,10.5
731,318,1/6/23,"12:45:14 PM",122,122,"Chips & Salsa",Mexican,7
732,319,1/6/23,"12:46:22 PM",117,117,"Chicken Burrito",Mexican,12.95
733,320,1/6/23,"12:46:40 PM",102,102,Cheeseburger,American,13.95
734,320,1/6/23,"12:46:40 PM",104,104,"Veggie Burger",American,10.5
735,321,1/6/23,"12:56:21 PM",117,117,"Chicken Burrito",Mexican,12.95
736,322,1/6/23,"1:02:13 PM",102,102,Cheeseburger,American,13.95
737,322,1/6/23,"1:02:13 PM",104,104,"Veggie Burger",American,10.5
738,322,1/6/23,"1:02:13 PM",108,108,"Tofu Pad Thai",Asian,14.5
739,322,1/6/23,"1:02:13 PM",106,106,"French Fries",American,7
740,323,1/6/23,"1:05:33 PM",108,108,"Tofu Pad Thai",Asian,14.5
741,324,1/6/23,"1:06:44 PM",124,124,Spaghetti,Italian,14.5
742,325,1/6/23,"1:07:32 PM",108,108,"Tofu Pad Thai",Asian,14.5
743,325,1/6/23,"1:07:32 PM",132,132,"Eggplant Parmesan",Italian,16.95
744,326,1/6/23,"1:10:13 PM",102,102,Cheeseburger,American,13.95
745,326,1/6/23,"1:10:13 PM",123,123,"Chips & Guacamole",Mexican,9
746,327,1/6/23,"1:10:54 PM",108,108,"Tofu Pad Thai",Asian,14.5
747,328,1/6/23,"1:16:35 PM",128,128,"Cheese Lasagna",Italian,15.5
748,329,1/6/23,"1:22:44 PM",122,122,"Chips & Salsa",Mexican,7
749,329,1/6/23,"1:22:44 PM",123,123,"Chips & Guacamole",Mexican,9
750,330,1/6/23,"1:27:11 PM",107,107,"Orange Chicken",Asian,16.5
751,330,1/6/23,"1:27:11 PM",103,103,"Hot Dog",American,9
752,330,1/6/23,"1:27:11 PM",108,108,"Tofu Pad Thai",Asian,14.5
753,330,1/6/23,"1:27:11 PM",108,108,"Tofu Pad Thai",Asian,14.5
754,330,1/6/23,"1:27:11 PM",124,124,Spaghetti,Italian,14.5
755,330,1/6/23,"1:27:11 PM",125,125,"Spaghetti & Meatballs",Italian,17.95
756,330,1/6/23,"1:27:11 PM",109,109,"Korean Beef Bowl",Asian,17.95
757,330,1/6/23,"1:27:11 PM",112,112,"Salmon Roll",Asian,14.95
758,330,1/6/23,"1:27:11 PM",118,118,"Steak Burrito",Mexican,14.95
759,330,1/6/23,"1:27:11 PM",120,120,"Steak Torta",Mexican,13.95
760,330,1/6/23,"1:27:11 PM",122,122,"Chips & Salsa",Mexican,7
761,330,1/6/23,"1:27:11 PM",122,122,"Chips & Salsa",Mexican,7
762,330,1/6/23,"1:27:11 PM",131,131,"Chicken Parmesan",Italian,17.95
763,330,1/6/23,"1:27:11 PM",114,114,Potstickers,Asian,9
764,331,1/6/23,"1:43:30 PM",119,119,"Chicken Torta",Mexican,11.95
765,332,1/6/23,"2:12:01 PM",120,120,"Steak Torta",Mexican,13.95
766,332,1/6/23,"2:12:01 PM",105,105,"Mac & Cheese",American,7
767,332,1/6/23,"2:12:01 PM",106,106,"French Fries",American,7
768,333,1/6/23,"2:16:36 PM",103,103,"Hot Dog",American,9
769,334,1/6/23,"2:24:18 PM",116,116,"Steak Tacos",Mexican,13.95
770,334,1/6/23,"2:24:18 PM",113,113,Edamame,Asian,5
771,334,1/6/23,"2:24:18 PM",105,105,"Mac & Cheese",American,7
772,334,1/6/23,"2:24:18 PM",106,106,"French Fries",American,7
773,335,1/6/23,"2:24:47 PM",128,128,"Cheese Lasagna",Italian,15.5
774,336,1/6/23,"2:51:41 PM",119,119,"Chicken Torta",Mexican,11.95
775,337,1/6/23,"3:03:12 PM",109,109,"Korean Beef Bowl",Asian,17.95
776,337,1/6/23,"3:03:12 PM",113,113,Edamame,Asian,5
777,338,1/6/23,"3:18:26 PM",129,129,"Mushroom Ravioli",Italian,15.5
778,338,1/6/23,"3:18:26 PM",106,106,"French Fries",American,7
779,338,1/6/23,"3:18:26 PM",NULL,NULL,NULL,NULL,NULL
780,339,1/6/23,"3:25:13 PM",122,122,"Chips & Salsa",Mexican,7
781,340,1/6/23,"3:35:32 PM",118,118,"Steak Burrito",Mexican,14.95
782,341,1/6/23,"3:35:47 PM",101,101,Hamburger,American,12.95
783,341,1/6/23,"3:35:47 PM",113,113,Edamame,Asian,5
784,342,1/6/23,"3:44:12 PM",120,120,"Steak Torta",Mexican,13.95
785,342,1/6/23,"3:44:12 PM",105,105,"Mac & Cheese",American,7
786,343,1/6/23,"3:45:37 PM",124,124,Spaghetti,Italian,14.5
787,343,1/6/23,"3:45:37 PM",125,125,"Spaghetti & Meatballs",Italian,17.95
788,344,1/6/23,"4:01:11 PM",110,110,"Pork Ramen",Asian,17.95
789,345,1/6/23,"4:01:47 PM",118,118,"Steak Burrito",Mexican,14.95
790,345,1/6/23,"4:01:47 PM",131,131,"Chicken Parmesan",Italian,17.95
791,346,1/6/23,"4:30:00 PM",126,126,"Fettuccine Alfredo",Italian,14.5
792,346,1/6/23,"4:30:00 PM",109,109,"Korean Beef Bowl",Asian,17.95
793,346,1/6/23,"4:30:00 PM",110,110,"Pork Ramen",Asian,17.95
794,346,1/6/23,"4:30:00 PM",111,111,"California Roll",Asian,11.95
795,347,1/6/23,"4:37:17 PM",131,131,"Chicken Parmesan",Italian,17.95
796,347,1/6/23,"4:37:17 PM",106,106,"French Fries",American,7
797,347,1/6/23,"4:37:17 PM",132,132,"Eggplant Parmesan",Italian,16.95
798,348,1/6/23,"4:49:12 PM",108,108,"Tofu Pad Thai",Asian,14.5
799,348,1/6/23,"4:49:12 PM",106,106,"French Fries",American,7
800,348,1/6/23,"4:49:12 PM",106,106,"French Fries",American,7
801,349,1/6/23,"5:25:58 PM",113,113,Edamame,Asian,5
802,350,1/6/23,"5:37:05 PM",108,108,"Tofu Pad Thai",Asian,14.5
803,350,1/6/23,"5:37:05 PM",113,113,Edamame,Asian,5
804,350,1/6/23,"5:37:05 PM",122,122,"Chips & Salsa",Mexican,7
805,351,1/6/23,"5:37:29 PM",107,107,"Orange Chicken",Asian,16.5
806,351,1/6/23,"5:37:29 PM",109,109,"Korean Beef Bowl",Asian,17.95
807,352,1/6/23,"5:45:48 PM",107,107,"Orange Chicken",Asian,16.5
808,352,1/6/23,"5:45:48 PM",110,110,"Pork Ramen",Asian,17.95
809,353,1/6/23,"5:59:48 PM",101,101,Hamburger,American,12.95
810,353,1/6/23,"5:59:48 PM",102,102,Cheeseburger,American,13.95
811,353,1/6/23,"5:59:48 PM",119,119,"Chicken Torta",Mexican,11.95
812,354,1/6/23,"6:01:44 PM",126,126,"Fettuccine Alfredo",Italian,14.5
813,354,1/6/23,"6:01:44 PM",132,132,"Eggplant Parmesan",Italian,16.95
814,355,1/6/23,"6:14:45 PM",103,103,"Hot Dog",American,9
815,355,1/6/23,"6:14:45 PM",117,117,"Chicken Burrito",Mexican,12.95
816,356,1/6/23,"6:16:05 PM",103,103,"Hot Dog",American,9
817,357,1/6/23,"6:27:58 PM",102,102,Cheeseburger,American,13.95
818,357,1/6/23,"6:27:58 PM",105,105,"Mac & Cheese",American,7
819,357,1/6/23,"6:27:58 PM",131,131,"Chicken Parmesan",Italian,17.95
820,358,1/6/23,"6:30:12 PM",117,117,"Chicken Burrito",Mexican,12.95
821,359,1/6/23,"6:33:08 PM",126,126,"Fettuccine Alfredo",Italian,14.5
822,359,1/6/23,"6:33:08 PM",106,106,"French Fries",American,7
823,360,1/6/23,"6:50:38 PM",101,101,Hamburger,American,12.95
824,360,1/6/23,"6:50:38 PM",126,126,"Fettuccine Alfredo",Italian,14.5
825,360,1/6/23,"6:50:38 PM",109,109,"Korean Beef Bowl",Asian,17.95
826,361,1/6/23,"7:12:38 PM",107,107,"Orange Chicken",Asian,16.5
827,361,1/6/23,"7:12:38 PM",110,110,"Pork Ramen",Asian,17.95
828,362,1/6/23,"7:13:36 PM",101,101,Hamburger,American,12.95
829,362,1/6/23,"7:13:36 PM",129,129,"Mushroom Ravioli",Italian,15.5
830,363,1/6/23,"7:20:31 PM",128,128,"Cheese Lasagna",Italian,15.5
831,363,1/6/23,"7:20:31 PM",129,129,"Mushroom Ravioli",Italian,15.5
832,364,1/6/23,"7:27:24 PM",117,117,"Chicken Burrito",Mexican,12.95
833,364,1/6/23,"7:27:24 PM",NULL,NULL,NULL,NULL,NULL
834,365,1/6/23,"7:37:26 PM",125,125,"Spaghetti & Meatballs",Italian,17.95
835,365,1/6/23,"7:37:26 PM",128,128,"Cheese Lasagna",Italian,15.5
836,365,1/6/23,"7:37:26 PM",113,113,Edamame,Asian,5
837,366,1/6/23,"8:04:20 PM",110,110,"Pork Ramen",Asian,17.95
838,367,1/6/23,"8:05:12 PM",109,109,"Korean Beef Bowl",Asian,17.95
839,367,1/6/23,"8:05:12 PM",131,131,"Chicken Parmesan",Italian,17.95
840,368,1/6/23,"8:28:16 PM",130,130,"Shrimp Scampi",Italian,19.95
841,368,1/6/23,"8:28:16 PM",106,106,"French Fries",American,7
842,369,1/6/23,"8:30:06 PM",131,131,"Chicken Parmesan",Italian,17.95
843,370,1/6/23,"9:02:30 PM",125,125,"Spaghetti & Meatballs",Italian,17.95
844,370,1/6/23,"9:02:30 PM",109,109,"Korean Beef Bowl",Asian,17.95
845,371,1/6/23,"9:15:20 PM",113,113,Edamame,Asian,5
846,372,1/6/23,"10:26:59 PM",131,131,"Chicken Parmesan",Italian,17.95
847,373,1/7/23,"11:45:18 AM",104,104,"Veggie Burger",American,10.5
848,373,1/7/23,"11:45:18 AM",108,108,"Tofu Pad Thai",Asian,14.5
849,373,1/7/23,"11:45:18 AM",120,120,"Steak Torta",Mexican,13.95
850,374,1/7/23,"11:55:59 AM",107,107,"Orange Chicken",Asian,16.5
851,374,1/7/23,"11:55:59 AM",103,103,"Hot Dog",American,9
852,374,1/7/23,"11:55:59 AM",118,118,"Steak Burrito",Mexican,14.95
853,375,1/7/23,"11:58:36 AM",129,129,"Mushroom Ravioli",Italian,15.5
854,376,1/7/23,"12:01:17 PM",NULL,NULL,NULL,NULL,NULL
855,376,1/7/23,"12:01:17 PM",132,132,"Eggplant Parmesan",Italian,16.95
856,377,1/7/23,"12:03:18 PM",109,109,"Korean Beef Bowl",Asian,17.95
857,377,1/7/23,"12:03:18 PM",106,106,"French Fries",American,7
858,378,1/7/23,"12:19:37 PM",127,127,"Meat Lasagna",Italian,17.95
859,379,1/7/23,"12:25:37 PM",106,106,"French Fries",American,7
860,380,1/7/23,"12:32:10 PM",116,116,"Steak Tacos",Mexican,13.95
861,380,1/7/23,"12:32:10 PM",102,102,Cheeseburger,American,13.95
862,381,1/7/23,"12:33:06 PM",105,105,"Mac & Cheese",American,7
863,382,1/7/23,"12:33:07 PM",106,106,"French Fries",American,7
864,382,1/7/23,"12:33:07 PM",132,132,"Eggplant Parmesan",Italian,16.95
865,383,1/7/23,"12:43:59 PM",122,122,"Chips & Salsa",Mexican,7
866,384,1/7/23,"12:51:46 PM",109,109,"Korean Beef Bowl",Asian,17.95
867,384,1/7/23,"12:51:46 PM",110,110,"Pork Ramen",Asian,17.95
868,384,1/7/23,"12:51:46 PM",128,128,"Cheese Lasagna",Italian,15.5
869,384,1/7/23,"12:51:46 PM",114,114,Potstickers,Asian,9
870,385,1/7/23,"12:54:19 PM",132,132,"Eggplant Parmesan",Italian,16.95
871,386,1/7/23,"12:58:16 PM",127,127,"Meat Lasagna",Italian,17.95
872,386,1/7/23,"12:58:16 PM",121,121,"Cheese Quesadillas",Mexican,10.5
873,386,1/7/23,"12:58:16 PM",106,106,"French Fries",American,7
874,387,1/7/23,"1:03:14 PM",101,101,Hamburger,American,12.95
875,387,1/7/23,"1:03:14 PM",107,107,"Orange Chicken",Asian,16.5
876,387,1/7/23,"1:03:14 PM",104,104,"Veggie Burger",American,10.5
877,387,1/7/23,"1:03:14 PM",124,124,Spaghetti,Italian,14.5
878,387,1/7/23,"1:03:14 PM",113,113,Edamame,Asian,5
879,387,1/7/23,"1:03:14 PM",122,122,"Chips & Salsa",Mexican,7
880,387,1/7/23,"1:03:14 PM",131,131,"Chicken Parmesan",Italian,17.95
881,388,1/7/23,"1:04:56 PM",101,101,Hamburger,American,12.95
882,388,1/7/23,"1:04:56 PM",103,103,"Hot Dog",American,9
883,388,1/7/23,"1:04:56 PM",128,128,"Cheese Lasagna",Italian,15.5
884,388,1/7/23,"1:04:56 PM",132,132,"Eggplant Parmesan",Italian,16.95
885,389,1/7/23,"1:10:17 PM",130,130,"Shrimp Scampi",Italian,19.95
886,390,1/7/23,"1:15:32 PM",112,112,"Salmon Roll",Asian,14.95
887,391,1/7/23,"1:25:31 PM",114,114,Potstickers,Asian,9
888,392,1/7/23,"1:36:47 PM",107,107,"Orange Chicken",Asian,16.5
889,392,1/7/23,"1:36:47 PM",116,116,"Steak Tacos",Mexican,13.95
890,392,1/7/23,"1:36:47 PM",102,102,Cheeseburger,American,13.95
891,392,1/7/23,"1:36:47 PM",113,113,Edamame,Asian,5
892,392,1/7/23,"1:36:47 PM",119,119,"Chicken Torta",Mexican,11.95
893,392,1/7/23,"1:36:47 PM",120,120,"Steak Torta",Mexican,13.95
894,392,1/7/23,"1:36:47 PM",121,121,"Cheese Quesadillas",Mexican,10.5
895,392,1/7/23,"1:36:47 PM",122,122,"Chips & Salsa",Mexican,7
896,393,1/7/23,"1:48:31 PM",126,126,"Fettuccine Alfredo",Italian,14.5
897,393,1/7/23,"1:48:31 PM",109,109,"Korean Beef Bowl",Asian,17.95
898,394,1/7/23,"2:02:18 PM",107,107,"Orange Chicken",Asian,16.5
899,394,1/7/23,"2:02:18 PM",104,104,"Veggie Burger",American,10.5
900,394,1/7/23,"2:02:18 PM",109,109,"Korean Beef Bowl",Asian,17.95
901,394,1/7/23,"2:02:18 PM",109,109,"Korean Beef Bowl",Asian,17.95
902,394,1/7/23,"2:02:18 PM",112,112,"Salmon Roll",Asian,14.95
903,394,1/7/23,"2:02:18 PM",113,113,Edamame,Asian,5
904,394,1/7/23,"2:02:18 PM",113,113,Edamame,Asian,5
905,394,1/7/23,"2:02:18 PM",120,120,"Steak Torta",Mexican,13.95
906,394,1/7/23,"2:02:18 PM",122,122,"Chips & Salsa",Mexican,7
907,394,1/7/23,"2:02:18 PM",130,130,"Shrimp Scampi",Italian,19.95
908,394,1/7/23,"2:02:18 PM",106,106,"French Fries",American,7
909,394,1/7/23,"2:02:18 PM",132,132,"Eggplant Parmesan",Italian,16.95
910,395,1/7/23,"2:11:08 PM",111,111,"California Roll",Asian,11.95
911,396,1/7/23,"2:12:21 PM",131,131,"Chicken Parmesan",Italian,17.95
912,397,1/7/23,"2:31:10 PM",124,124,Spaghetti,Italian,14.5
913,397,1/7/23,"2:31:10 PM",109,109,"Korean Beef Bowl",Asian,17.95
914,397,1/7/23,"2:31:10 PM",113,113,Edamame,Asian,5
915,398,1/7/23,"2:56:26 PM",113,113,Edamame,Asian,5
916,399,1/7/23,"3:47:49 PM",101,101,Hamburger,American,12.95
917,399,1/7/23,"3:47:49 PM",102,102,Cheeseburger,American,13.95
918,399,1/7/23,"3:47:49 PM",125,125,"Spaghetti & Meatballs",Italian,17.95
919,399,1/7/23,"3:47:49 PM",114,114,Potstickers,Asian,9
920,400,1/7/23,"4:03:07 PM",113,113,Edamame,Asian,5
921,400,1/7/23,"4:03:07 PM",106,106,"French Fries",American,7
922,401,1/7/23,"4:08:35 PM",132,132,"Eggplant Parmesan",Italian,16.95
923,402,1/7/23,"4:24:46 PM",125,125,"Spaghetti & Meatballs",Italian,17.95
924,402,1/7/23,"4:24:46 PM",117,117,"Chicken Burrito",Mexican,12.95
925,403,1/7/23,"4:26:10 PM",101,101,Hamburger,American,12.95
926,403,1/7/23,"4:26:10 PM",108,108,"Tofu Pad Thai",Asian,14.5
927,403,1/7/23,"4:26:10 PM",119,119,"Chicken Torta",Mexican,11.95
928,404,1/7/23,"4:39:27 PM",104,104,"Veggie Burger",American,10.5
929,405,1/7/23,"4:44:16 PM",120,120,"Steak Torta",Mexican,13.95
930,406,1/7/23,"4:50:49 PM",103,103,"Hot Dog",American,9
931,406,1/7/23,"4:50:49 PM",108,108,"Tofu Pad Thai",Asian,14.5
932,406,1/7/23,"4:50:49 PM",127,127,"Meat Lasagna",Italian,17.95
933,407,1/7/23,"4:56:42 PM",102,102,Cheeseburger,American,13.95
934,407,1/7/23,"4:56:42 PM",108,108,"Tofu Pad Thai",Asian,14.5
935,407,1/7/23,"4:56:42 PM",113,113,Edamame,Asian,5
936,408,1/7/23,"5:09:09 PM",115,115,"Chicken Tacos",Mexican,11.95
937,408,1/7/23,"5:09:09 PM",118,118,"Steak Burrito",Mexican,14.95
938,409,1/7/23,"5:15:04 PM",113,113,Edamame,Asian,5
939,410,1/7/23,"5:33:49 PM",107,107,"Orange Chicken",Asian,16.5
940,410,1/7/23,"5:33:49 PM",128,128,"Cheese Lasagna",Italian,15.5
941,410,1/7/23,"5:33:49 PM",NULL,NULL,NULL,NULL,NULL
942,411,1/7/23,"5:58:09 PM",117,117,"Chicken Burrito",Mexican,12.95
943,411,1/7/23,"5:58:09 PM",105,105,"Mac & Cheese",American,7
944,412,1/7/23,"6:07:46 PM",115,115,"Chicken Tacos",Mexican,11.95
945,412,1/7/23,"6:07:46 PM",123,123,"Chips & Guacamole",Mexican,9
946,413,1/7/23,"6:11:32 PM",114,114,Potstickers,Asian,9
947,414,1/7/23,"6:13:22 PM",108,108,"Tofu Pad Thai",Asian,14.5
948,414,1/7/23,"6:13:22 PM",124,124,Spaghetti,Italian,14.5
949,414,1/7/23,"6:13:22 PM",117,117,"Chicken Burrito",Mexican,12.95
950,415,1/7/23,"6:16:23 PM",102,102,Cheeseburger,American,13.95
951,416,1/7/23,"6:17:42 PM",131,131,"Chicken Parmesan",Italian,17.95
952,417,1/7/23,"6:24:40 PM",113,113,Edamame,Asian,5
953,418,1/7/23,"6:40:11 PM",104,104,"Veggie Burger",American,10.5
954,418,1/7/23,"6:40:11 PM",120,120,"Steak Torta",Mexican,13.95
955,419,1/7/23,"7:02:31 PM",101,101,Hamburger,American,12.95
956,419,1/7/23,"7:02:31 PM",109,109,"Korean Beef Bowl",Asian,17.95
957,419,1/7/23,"7:02:31 PM",127,127,"Meat Lasagna",Italian,17.95
958,419,1/7/23,"7:02:31 PM",132,132,"Eggplant Parmesan",Italian,16.95
959,420,1/7/23,"7:04:40 PM",124,124,Spaghetti,Italian,14.5
960,420,1/7/23,"7:04:40 PM",112,112,"Salmon Roll",Asian,14.95
961,421,1/7/23,"7:21:58 PM",101,101,Hamburger,American,12.95
962,421,1/7/23,"7:21:58 PM",116,116,"Steak Tacos",Mexican,13.95
963,421,1/7/23,"7:21:58 PM",104,104,"Veggie Burger",American,10.5
964,422,1/7/23,"7:30:25 PM",125,125,"Spaghetti & Meatballs",Italian,17.95
965,422,1/7/23,"7:30:25 PM",117,117,"Chicken Burrito",Mexican,12.95
966,422,1/7/23,"7:30:25 PM",131,131,"Chicken Parmesan",Italian,17.95
967,423,1/7/23,"7:45:07 PM",117,117,"Chicken Burrito",Mexican,12.95
968,423,1/7/23,"7:45:07 PM",120,120,"Steak Torta",Mexican,13.95
969,424,1/7/23,"8:01:28 PM",113,113,Edamame,Asian,5
970,425,1/7/23,"8:21:19 PM",121,121,"Cheese Quesadillas",Mexican,10.5
971,426,1/7/23,"8:25:45 PM",108,108,"Tofu Pad Thai",Asian,14.5
972,426,1/7/23,"8:25:45 PM",120,120,"Steak Torta",Mexican,13.95
973,426,1/7/23,"8:25:45 PM",121,121,"Cheese Quesadillas",Mexican,10.5
974,427,1/7/23,"9:49:00 PM",131,131,"Chicken Parmesan",Italian,17.95
975,428,1/7/23,"10:05:00 PM",116,116,"Steak Tacos",Mexican,13.95
976,428,1/7/23,"10:05:00 PM",110,110,"Pork Ramen",Asian,17.95
977,429,1/7/23,"10:16:53 PM",122,122,"Chips & Salsa",Mexican,7
978,430,1/7/23,"10:46:13 PM",126,126,"Fettuccine Alfredo",Italian,14.5
979,430,1/7/23,"10:46:13 PM",120,120,"Steak Torta",Mexican,13.95
980,431,1/8/23,"11:17:13 AM",107,107,"Orange Chicken",Asian,16.5
981,431,1/8/23,"11:17:13 AM",103,103,"Hot Dog",American,9
982,431,1/8/23,"11:17:13 AM",125,125,"Spaghetti & Meatballs",Italian,17.95
983,431,1/8/23,"11:17:13 AM",109,109,"Korean Beef Bowl",Asian,17.95
984,432,1/8/23,"11:39:07 AM",110,110,"Pork Ramen",Asian,17.95
985,432,1/8/23,"11:39:07 AM",106,106,"French Fries",American,7
986,432,1/8/23,"11:39:07 AM",132,132,"Eggplant Parmesan",Italian,16.95
987,433,1/8/23,"11:49:50 AM",122,122,"Chips & Salsa",Mexican,7
988,434,1/8/23,"11:54:14 AM",111,111,"California Roll",Asian,11.95
989,434,1/8/23,"11:54:14 AM",122,122,"Chips & Salsa",Mexican,7
990,434,1/8/23,"11:54:14 AM",132,132,"Eggplant Parmesan",Italian,16.95
991,435,1/8/23,"12:06:09 PM",108,108,"Tofu Pad Thai",Asian,14.5
992,435,1/8/23,"12:06:09 PM",112,112,"Salmon Roll",Asian,14.95
993,435,1/8/23,"12:06:09 PM",123,123,"Chips & Guacamole",Mexican,9
994,436,1/8/23,"12:07:21 PM",108,108,"Tofu Pad Thai",Asian,14.5
995,436,1/8/23,"12:07:21 PM",117,117,"Chicken Burrito",Mexican,12.95
996,436,1/8/23,"12:07:21 PM",112,112,"Salmon Roll",Asian,14.95
997,436,1/8/23,"12:07:21 PM",118,118,"Steak Burrito",Mexican,14.95
998,437,1/8/23,"12:07:54 PM",101,101,Hamburger,American,12.95
999,438,1/8/23,"12:08:38 PM",132,132,"Eggplant Parmesan",Italian,16.95
1000,439,1/8/23,"12:13:08 PM",103,103,"Hot Dog",American,9
